id_gasto,periodo,anio,mes,fuente_archivo,hoja_origen,fecha_carga,fecha_creacion,fecha_gasto,numero_recibo,tipo_gasto_original,sede_original,sede_homologada,proveedor,factura_no,forma_pago_original,medio_pago_homologado,concepto_gasto_original,concepto_homologado,subtotal,impuestos,total,responsable,sale_de_caja,caja,categoria_principal,subcategoria,es_conjunto,deducible_dian,estado_registro,alerta_calidad,observacion_revision
GAS-202511-000001,2025-11,2025,11,2025_11_Noviembre.xlsx,gastos,2026-04-20,2025-12-04 19:02:59.746,2025-11-27 19:00:08.442,631.0,Materia Prima,CONJUNTA,CONJUNTA,KOLBITOS SAS,4FE 19823,EFECTIVO,EFECTIVO,HIELO,HIELO,9000.0,0,9000.0,Cajero,No,,Operación del punto,Varios,SI,POR_VALIDAR,OK,,
GAS-202511-000002,2025-11,2025,11,2025_11_Noviembre.xlsx,gastos,2026-04-20,2025-12-15 17:49:35.632,2025-11-02 16:25:43.502,632.0,Otros,CONJUNTA,CONJUNTA,QUESERA Y SALSAMENTARIA SAN FERNANDO SAS,PO 170458,DE CONTADO,CONTADO,10 UNIDADES SERVILLETAS X 300 VALOR 7.800 MAS 2 UND DE CUCHARA PEQUEÑA X 100 VALOR 6.400 MAS 1 VELA VOLCAN  A 3000,10 UNIDADES SERVILLETAS X 300 VALOR 7.800 MAS 2 UND DE CUCHARA PEQUEÑA X 100 VALOR 6.400 MAS 1 VELA VOLCAN  A 3000,17200.0,0,17200.0,,No,,Operación del punto,Desechables y empaques,SI,POR_VALIDAR,OK,,
GAS-202511-000003,2025-11,2025,11,2025_11_Noviembre.xlsx,gastos,2026-04-20,2025-12-15 17:58:51.183,2025-11-09 17:50:44.267,633.0,Otros,CONJUNTA,CONJUNTA,QUESERA Y SALSAMENTARIA SAN FERNANDO SAS,PO 175816,DE CONTADO,CONTADO,1 UND ALIÑOS BADIA PIMIENTA RIJA  X VALOR 31.900,1 UND ALIÑOS BADIA PIMIENTA RIJA  X VALOR 31.900,31900.0,0,31900.0,,Si,Jardin plaza,Operación del punto,Varios,SI,POR_VALIDAR,OK,,
GAS-202511-000004,2025-11,2025,11,2025_11_Noviembre.xlsx,gastos,2026-04-20,2025-12-15 20:50:14.111,2025-11-18 20:49:17.804,636.0,Administrativos,CONJUNTA,CONJUNTA,,FACTURAS1811,,POR_VALIDAR,PAGO SUBIDA DE FACTURAS ISABELLA,PAGO SUBIDA DE FACTURAS ISABELLA,60000.0,0,60000.0,,No,,Ocupación y servicios,Arriendo y administración,SI,POR_VALIDAR,POR VALIDAR,PAGO_POR_VALIDAR | PROVEEDOR_FALTANTE,
GAS-202511-000005,2025-11,2025,11,2025_11_Noviembre.xlsx,gastos,2026-04-20,2026-03-12 00:00:00.000,2025-11-18 20:49:17.804,,Marketing,CONJUNTA,CONJUNTA,SANTIAGO ORTEGA,,TRANSFERENCIA,TRANSFERENCIA,FOTOS MENÚ DE MARANELLO,FOTOS MENÚ DE MARANELLO,900000.0,0,900000.0,,No,,Administración y ventas,Marketing y promociones,SI,POR_VALIDAR,OK,,
GAS-202511-000006,2025-11,2025,11,2025_11_Noviembre.xlsx,gastos,2026-04-20,2025-12-15 20:52:22.109,2025-11-20 20:51:18.751,638.0,Administrativos,PARQUE DEL PERRO,PP,EMCALI E.I.C.E. E.S.P.,,,POR_VALIDAR,PAGO SERVICIOS NOVIEMBRE,PAGO SERVICIOS NOVIEMBRE,1278598.0,0,1278598.0,,No,,Ocupación y servicios,Servicios públicos,NO,POR_VALIDAR,POR VALIDAR,PAGO_POR_VALIDAR,
GAS-202511-000007,2025-11,2025,11,2025_11_Noviembre.xlsx,gastos,2026-04-20,2025-12-15 20:53:13.106,2025-11-20 20:52:24.982,639.0,Administrativos,PARQUE DEL PERRO,PP,GASES DE OCCIDENTE,,,POR_VALIDAR,PAGO GAS NOVIEMBRE,PAGO GAS NOVIEMBRE,583152.0,0,583152.0,,No,,Ocupación y servicios,Servicios públicos,NO,POR_VALIDAR,POR VALIDAR,PAGO_POR_VALIDAR,
GAS-202511-000008,2025-11,2025,11,2025_11_Noviembre.xlsx,gastos,2026-04-20,2025-12-15 20:53:57.855,2025-11-24 20:53:24.200,640.0,Administrativos,CONJUNTA,CONJUNTA,TECO.LAB,,,POR_VALIDAR,PAGO REDES SOCIALES NOVIEMBRE,PAGO REDES SOCIALES NOVIEMBRE,1000000.0,0,1000000.0,,No,,Administración y ventas,Marketing y promociones,SI,POR_VALIDAR,POR VALIDAR,PAGO_POR_VALIDAR,
GAS-202511-000009,2025-11,2025,11,2025_11_Noviembre.xlsx,gastos,2026-04-20,2025-12-15 20:56:12.113,2025-11-12 20:55:07.039,642.0,Administrativos,JARDIN PLAZA,JP,GASES DE OCCIDENTE,,,POR_VALIDAR,PAGO SERVICIOS DICIEMBRE,PAGO SERVICIOS DICIEMBRE,1361900.0,0,1361900.0,,No,,Ocupación y servicios,Servicios públicos,NO,POR_VALIDAR,POR VALIDAR,PAGO_POR_VALIDAR,
GAS-202511-000010,2025-11,2025,11,2025_11_Noviembre.xlsx,gastos,2026-04-20,2025-12-16 14:05:43.201,2025-11-29 14:05:13.652,650.0,Otros,CONJUNTA,CONJUNTA,D1 SAS,G8G69993,,POR_VALIDAR,ESPONJAS,ESPONJAS,4700.0,0,4700.0,,No,,Operación del punto,Varios,SI,POR_VALIDAR,POR VALIDAR,PAGO_POR_VALIDAR,
GAS-202511-000011,2025-11,2025,11,2025_11_Noviembre.xlsx,gastos,2026-04-20,2025-12-16 14:06:48.792,2025-11-11 14:05:49.418,651.0,Otros,CONJUNTA,CONJUNTA,D1 SAS,G9F6114459,,POR_VALIDAR,BLANQUEADOR,BLANQUEADOR,2880.0,0,2880.0,,No,,Operación del punto,Mantenimiento y aseo,SI,POR_VALIDAR,POR VALIDAR,PAGO_POR_VALIDAR,
GAS-202511-000012,2025-11,2025,11,2025_11_Noviembre.xlsx,gastos,2026-04-20,2025-12-16 14:17:29.669,2025-11-29 14:16:08.741,653.0,Otros,CONJUNTA,CONJUNTA,DOLLARCITY SURAMERICA COMERCIAL SAS,F9711036503,,POR_VALIDAR,LAVALOZA,LAVALOZA,14000.0,0,14000.0,,No,,Operación del punto,Mantenimiento y aseo,SI,POR_VALIDAR,POR VALIDAR,PAGO_POR_VALIDAR,
GAS-202511-000013,2025-11,2025,11,2025_11_Noviembre.xlsx,gastos,2026-04-20,2025-12-16 14:18:27.301,2025-11-15 14:17:42.949,654.0,Otros,CONJUNTA,CONJUNTA,DOLLARCITY SURAMERICA COMERCIAL SAS,F9031006985,,POR_VALIDAR,MARCADORES PERMANENTES,MARCADORES PERMANENTES,5000.0,0,5000.0,,No,,Operación del punto,Varios,SI,POR_VALIDAR,POR VALIDAR,PAGO_POR_VALIDAR,
GAS-202511-000014,2025-11,2025,11,2025_11_Noviembre.xlsx,gastos,2026-04-20,2025-12-16 14:19:32.937,2025-11-20 14:18:38.107,655.0,Otros,CONJUNTA,CONJUNTA,DOLLARCITY SURAMERICA COMERCIAL SAS,F9051000981,,POR_VALIDAR,RECIPIENTES,RECIPIENTES,60000.0,0,60000.0,,No,,Operación del punto,Desechables y empaques,SI,POR_VALIDAR,POR VALIDAR,PAGO_POR_VALIDAR,
GAS-202511-000015,2025-11,2025,11,2025_11_Noviembre.xlsx,gastos,2026-04-20,2025-12-16 14:21:28.927,2025-11-26 14:20:41.349,656.0,Otros,CONJUNTA,CONJUNTA,DOLLARCITY SURAMERICA COMERCIAL SAS,F9011032556,,POR_VALIDAR,LIMPIA HORNOS,LIMPIA HORNOS,12000.0,0,12000.0,,No,,Operación del punto,Mantenimiento y aseo,SI,POR_VALIDAR,POR VALIDAR,PAGO_POR_VALIDAR,
GAS-202511-000016,2025-11,2025,11,2025_11_Noviembre.xlsx,gastos,2026-04-20,2025-12-16 14:24:24.128,2025-11-30 14:22:58.986,658.0,Otros,CONJUNTA,CONJUNTA,DOLLARCITY SURAMERICA COMERCIAL SAS,F9011034725,,POR_VALIDAR,"TRAPEADOR, LIMPIAVIDRIOS, LIMPIA PISOSO, LIMPIA ALFOMBRAS, LAVALOZA","TRAPEADOR, LIMPIAVIDRIOS, LIMPIA PISOSO, LIMPIA ALFOMBRAS, LAVALOZA",38000.0,0,38000.0,,No,,Operación del punto,Mantenimiento y aseo,SI,POR_VALIDAR,POR VALIDAR,PAGO_POR_VALIDAR,
GAS-202511-000017,2025-11,2025,11,2025_11_Noviembre.xlsx,gastos,2026-04-20,2025-12-16 14:25:17.208,2025-11-10 14:24:35.473,659.0,Otros,CONJUNTA,CONJUNTA,DOLLARCITY SURAMERICA COMERCIAL SAS,F9711027922,,POR_VALIDAR,FRASCOS VIDRIO,FRASCOS VIDRIO,72000.0,0,72000.0,,No,,Operación del punto,Desechables y empaques,SI,POR_VALIDAR,POR VALIDAR,PAGO_POR_VALIDAR,
GAS-202511-000018,2025-11,2025,11,2025_11_Noviembre.xlsx,gastos,2026-04-20,2025-12-16 14:27:46.384,2025-11-14 14:26:36.969,661.0,Otros,CONJUNTA,CONJUNTA,DOLLARCITY SURAMERICA COMERCIAL SAS,F9011025703,,POR_VALIDAR,"CUCHARAS, RECIPIENTES, LAVALOZAS, PAÑOS Y BANDEJA HORNO","CUCHARAS, RECIPIENTES, LAVALOZAS, PAÑOS Y BANDEJA HORNO",83000.0,0,83000.0,,No,,Operación del punto,Desechables y empaques,SI,POR_VALIDAR,POR VALIDAR,PAGO_POR_VALIDAR,
GAS-202511-000019,2025-11,2025,11,2025_11_Noviembre.xlsx,gastos,2026-04-20,2025-12-16 14:29:48.403,2025-11-22 14:29:03.305,663.0,Otros,CONJUNTA,CONJUNTA,DOLLARCITY SURAMERICA COMERCIAL SAS,F9031008104,,POR_VALIDAR,PILAS ALCALINAS AA,PILAS ALCALINAS AA,10000.0,0,10000.0,,No,,Operación del punto,Varios,SI,POR_VALIDAR,POR VALIDAR,PAGO_POR_VALIDAR,
GAS-202511-000020,2025-11,2025,11,2025_11_Noviembre.xlsx,gastos,2026-04-20,2025-12-16 20:39:52.713,2025-11-23 20:38:39.095,665.0,Otros,CONJUNTA,CONJUNTA,ALMACENES ÉXITO SA,ID851166493,,POR_VALIDAR,TENEDORES,TENEDORES,2970.0,0,2970.0,,No,,Operación del punto,Desechables y empaques,SI,POR_VALIDAR,POR VALIDAR,PAGO_POR_VALIDAR,
GAS-202511-000021,2025-11,2025,11,2025_11_Noviembre.xlsx,gastos,2026-04-20,2025-12-16 20:44:25.362,2025-11-07 20:43:45.654,666.0,Otros,CONJUNTA,CONJUNTA,ALMACENES ÉXITO SA,ID821056675,,POR_VALIDAR,LAVALOZA,LAVALOZA,9400.0,0,9400.0,,No,,Operación del punto,Mantenimiento y aseo,SI,POR_VALIDAR,POR VALIDAR,PAGO_POR_VALIDAR,
GAS-202511-000022,2025-11,2025,11,2025_11_Noviembre.xlsx,gastos,2026-04-20,2025-12-16 20:51:20.771,2025-11-28 20:50:19.029,668.0,Otros,CONJUNTA,CONJUNTA,ALMACENES ÉXITO SA,ID821058549,,POR_VALIDAR,LAVALOZA,LAVALOZA,13650.0,0,13650.0,,No,,Operación del punto,Mantenimiento y aseo,SI,POR_VALIDAR,POR VALIDAR,PAGO_POR_VALIDAR,
GAS-202511-000023,2025-11,2025,11,2025_11_Noviembre.xlsx,gastos,2026-04-20,2025-12-16 21:23:43.297,2025-11-26 20:51:26.476,669.0,Otros,CONJUNTA,CONJUNTA,QUESERA Y SALSAMENTARIA SAN FERNANDO SAS,PO179664,,POR_VALIDAR,BOLSA DE BASURA,BOLSA DE BASURA,9500.0,0,9500.0,,No,,Operación del punto,Varios,SI,POR_VALIDAR,POR VALIDAR,PAGO_POR_VALIDAR,
GAS-202511-000024,2025-11,2025,11,2025_11_Noviembre.xlsx,gastos,2026-04-20,2025-12-17 20:47:05.605,2025-11-02 20:46:08.344,671.0,Otros,CONJUNTA,CONJUNTA,SU PAPA SUPERMERCADOS SA,Z1741187,,POR_VALIDAR,PLATOS,PLATOS,26961.0,0,26961.0,,No,,Operación del punto,Desechables y empaques,SI,POR_VALIDAR,POR VALIDAR,PAGO_POR_VALIDAR,
GAS-202511-000025,2025-11,2025,11,2025_11_Noviembre.xlsx,gastos,2026-04-20,2025-12-17 21:06:23.121,2025-11-30 21:05:35.257,674.0,Otros,CONJUNTA,CONJUNTA,PANAMERICANA LIBRERIA Y PAPELERIA SA,32E874345,,POR_VALIDAR,LIBRO CONTABILIDAD,LIBRO CONTABILIDAD,22500.0,0,22500.0,,No,,Operación del punto,Varios,SI,POR_VALIDAR,POR VALIDAR,PAGO_POR_VALIDAR,
GAS-202511-000026,2025-11,2025,11,2025_11_Noviembre.xlsx,gastos,2026-04-20,2025-12-17 21:07:43.873,2025-11-10 21:06:34.262,675.0,Otros,CONJUNTA,CONJUNTA,JAIME SALAZAR GÓMEZ,FE039987,,POR_VALIDAR,VASO 16 ONZ Y TAPA,VASO 16 ONZ Y TAPA,348149.0,0,348149.0,,No,,Operación del punto,Varios,SI,POR_VALIDAR,POR VALIDAR,PAGO_POR_VALIDAR,
GAS-202511-000027,2025-11,2025,11,2025_11_Noviembre.xlsx,gastos,2026-04-20,2025-12-17 21:09:41.650,2025-11-16 21:09:04.303,676.0,Otros,CONJUNTA,CONJUNTA,HECTOR ALFREDO ZAMBRANO OJEDA,FE61777,,POR_VALIDAR,BOLSA DOMICILIOS,BOLSA DOMICILIOS,14000.0,0,14000.0,,No,,Operación del punto,Transporte y mensajería,SI,POR_VALIDAR,POR VALIDAR,PAGO_POR_VALIDAR,
GAS-202511-000028,2025-11,2025,11,2025_11_Noviembre.xlsx,gastos,2026-04-20,2025-12-17 21:10:29.932,2025-11-09 21:09:52.826,677.0,Otros,CONJUNTA,CONJUNTA,QUESERA Y SALSAMENTARIA SAN FERNANDO SAS,PO173064,,POR_VALIDAR,TENEDERES Y BOLSA DOMICILIOS,TENEDERES Y BOLSA DOMICILIOS,26900.0,0,26900.0,,No,,Operación del punto,Transporte y mensajería,SI,POR_VALIDAR,POR VALIDAR,PAGO_POR_VALIDAR,
GAS-202511-000029,2025-11,2025,11,2025_11_Noviembre.xlsx,gastos,2026-04-20,2025-12-17 21:14:23.155,2025-11-15 21:10:36.302,678.0,Otros,CONJUNTA,CONJUNTA,BONNIPLAST SAS,FESA27237,,POR_VALIDAR,"GUANTES, BOLSAS, TENEDORES, PELICULA, GORROS Y SERVILLETAS","GUANTES, BOLSAS, TENEDORES, PELICULA, GORROS Y SERVILLETAS",208600.0,0,208600.0,,No,,Operación del punto,Desechables y empaques,SI,POR_VALIDAR,POR VALIDAR,PAGO_POR_VALIDAR,
GAS-202511-000030,2025-11,2025,11,2025_11_Noviembre.xlsx,gastos,2026-04-20,2025-12-17 21:26:49.939,2025-11-16 21:19:52.522,679.0,Otros,CONJUNTA,CONJUNTA,HECTOR ALFREDO ZAMBRANO OJEDA,FE61781,,POR_VALIDAR,TAPA BOWL,TAPA BOWL,27998.0,0,27998.0,,No,,Operación del punto,Varios,SI,POR_VALIDAR,POR VALIDAR,PAGO_POR_VALIDAR,
GAS-202511-000031,2025-11,2025,11,2025_11_Noviembre.xlsx,gastos,2026-04-20,2025-12-17 21:33:37.242,2025-11-24 21:28:37.926,680.0,Otros,CONJUNTA,CONJUNTA,BONNIPLAST SAS,FESA28591,,POR_VALIDAR,"TAPAS, COPAS ADICIÓN QUESO, CUCHILLOS, BOLSAS, CUCHARAS","TAPAS, COPAS ADICIÓN QUESO, CUCHILLOS, BOLSAS, CUCHARAS",247700.0,0,247700.0,,No,,Operación del punto,Desechables y empaques,SI,POR_VALIDAR,POR VALIDAR,PAGO_POR_VALIDAR,
GAS-202511-000032,2025-11,2025,11,2025_11_Noviembre.xlsx,gastos,2026-04-20,2025-12-17 21:59:23.913,2025-11-15 21:56:55.573,681.0,Otros,CONJUNTA,CONJUNTA,SODIMAC COLOMBIA SA,3001100419791,,POR_VALIDAR,SUPRESOR,SUPRESOR,49900.0,0,49900.0,,No,,Operación del punto,Varios,SI,POR_VALIDAR,POR VALIDAR,PAGO_POR_VALIDAR,
GAS-202511-000033,2025-11,2025,11,2025_11_Noviembre.xlsx,gastos,2026-04-20,2025-12-17 22:00:58.479,2025-11-21 21:59:40.505,682.0,Otros,CONJUNTA,CONJUNTA,SODIMAC COLOMBIA SA,3001100421292,,POR_VALIDAR,CINTA DUCTOS Y EXTENSIÓN,CINTA DUCTOS Y EXTENSIÓN,62800.0,0,62800.0,,No,,Operación del punto,Varios,SI,POR_VALIDAR,POR VALIDAR,PAGO_POR_VALIDAR,
GAS-202511-000034,2025-11,2025,11,2025_11_Noviembre.xlsx,gastos,2026-04-20,2025-12-17 22:03:14.110,2025-11-12 22:02:17.995,684.0,Otros,CONJUNTA,CONJUNTA,SODIMAC COLOMBIA SA,3001100419179,,POR_VALIDAR,"SILLA, ESCRITORIO Y COJINES","SILLA, ESCRITORIO Y COJINES",489700.0,0,489700.0,,No,,Operación del punto,Varios,SI,POR_VALIDAR,POR VALIDAR,PAGO_POR_VALIDAR,
GAS-202511-000035,2025-11,2025,11,2025_11_Noviembre.xlsx,gastos,2026-04-20,2025-12-17 22:04:04.769,2025-11-15 22:03:27.507,685.0,Otros,CONJUNTA,CONJUNTA,SODIMAC COLOMBIA SA,3002100394943,,POR_VALIDAR,PEGANTE LOCTITE,PEGANTE LOCTITE,16900.0,0,16900.0,,No,,Operación del punto,Varios,SI,POR_VALIDAR,POR VALIDAR,PAGO_POR_VALIDAR,
GAS-202511-000036,2025-11,2025,11,2025_11_Noviembre.xlsx,gastos,2026-04-20,2025-12-18 12:27:47.450,2025-11-23 12:22:48.514,688.0,Otros,CONJUNTA,CONJUNTA,BONNIPLAST SAS,FESA28812,DE CONTADO,CONTADO,4 CAJAS DE GUANTES X 19.200 LA UND  Y 3 CAJAS DE TAPA BOCAS X 12200 UND,4 CAJAS DE GUANTES X 19.200 LA UND  Y 3 CAJAS DE TAPA BOCAS X 12200 UND,113400.0,0,113400.0,,No,,Operación del punto,Varios,SI,POR_VALIDAR,OK,,
GAS-202511-000037,2025-11,2025,11,2025_11_Noviembre.xlsx,gastos,2026-04-20,2025-12-19 09:46:12.470,2025-11-25 09:38:57.110,691.0,Otros,CONJUNTA,CONJUNTA,ALMACENES LA 13 SAS,BAL 47590,DE CONTADO,CONTADO,"1 PINZA PARA PASTA 23.700, 1 PIZAS HIELO 8.991, 1 ESPUMADERA 21.414,  4 CUCHARON 4ONZ 141.600","1 PINZA PARA PASTA 23.700, 1 PIZAS HIELO 8.991, 1 ESPUMADERA 21.414,  4 CUCHARON 4ONZ 141.600",195705.0,0,195705.0,,No,,Operación del punto,Varios,SI,POR_VALIDAR,OK,,
GAS-202511-000038,2025-11,2025,11,2025_11_Noviembre.xlsx,gastos,2026-04-20,2025-12-19 10:53:01.971,2025-11-11 10:51:32.652,693.0,Otros,CONJUNTA,CONJUNTA,MERCAFAMILIAR LAS PALMAS SAS,CF211035,DE CONTADO,CONTADO,3 CANDELAS SWISS,3 CANDELAS SWISS,10500.0,0,10500.0,,No,,Operación del punto,Varios,SI,POR_VALIDAR,OK,,
GAS-202511-000039,2025-11,2025,11,2025_11_Noviembre.xlsx,gastos,2026-04-20,2025-12-19 11:54:23.679,2025-11-20 11:48:04.001,695.0,Otros,CONJUNTA,CONJUNTA,ALKOSTO CALI,X7632543070,DE CONTADO,CONTADO,"BLANQUEADOR 14,400, LAVALOZ 79.800, MULTIESPONJA 11.900","BLANQUEADOR 14,400, LAVALOZ 79.800, MULTIESPONJA 11.900",103720.0,0,103720.0,,No,,Operación del punto,Mantenimiento y aseo,SI,POR_VALIDAR,OK,,
GAS-202511-000040,2025-11,2025,11,2025_11_Noviembre.xlsx,gastos,2026-04-20,2025-12-19 15:38:36.876,2025-11-21 15:35:06.080,700.0,Otros,CONJUNTA,CONJUNTA,EL RECOLECTOR,FER 20393,DE CONTADO,CONTADO,"1 CAJA DE GERMINADOS 40500, FLORES COMESTIBLE 14000","1 CAJA DE GERMINADOS 40500, FLORES COMESTIBLE 14000",54500.0,0,54500.0,,No,,Operación del punto,Varios,SI,POR_VALIDAR,OK,,
GAS-202511-000041,2025-11,2025,11,2025_11_Noviembre.xlsx,gastos,2026-04-20,2025-12-22 17:34:20.798,2025-11-10 17:21:59.682,709.0,Otros,CONJUNTA,CONJUNTA,BONNIPLAST SAS,FESA26230,DE CONTADO,CONTADO,"12UND TENEDORES X 100, 7 UND CUCHILLOS X 100, 25 UND CONTENEDOR 16ONZ, 36 PQTES DE BOWL 24 ONZ X 25UND, 8 UND SERVILLETAS 5 UND X100 BOLSA PAPEL CUBIERTOS X 100,50 UND MOLDE DE ALUMINIO, 20 TAPA CRISTAL MOLDE, 2 PAQUTES DE CUCHARITA ITALIANA X 500, 1 BOLSA DE EMPAQUE","12UND TENEDORES X 100, 7 UND CUCHILLOS X 100, 25 UND CONTENEDOR 16ONZ, 36 PQTES DE BOWL 24 ONZ X 25UND, 8 UND SERVILLETAS 5 UND X100 BOLSA PAPEL CUBIERTOS X 100,50 UND MOLDE DE ALUMINIO, 20 TAPA CRISTAL MOLDE, 2 PAQUTES DE CUCHARITA ITALIANA X 500, 1 BOLSA DE EMPAQUE",926394.77,0,926394.77,,No,,Operación del punto,Desechables y empaques,SI,POR_VALIDAR,OK,,
GAS-202511-000042,2025-11,2025,11,2025_11_Noviembre.xlsx,gastos,2026-04-20,2025-12-22 17:42:54.479,2025-11-20 17:35:16.914,710.0,Otros,CONJUNTA,CONJUNTA,BONNIPLAST SAS,FESA28126,DE CONTADO,CONTADO,"6 BOWL CRAFT X 25, 6 TAPA PLASTICA X 25, 3 CAJAS DE GUANTES, 50 UND DE MOLDE DE ALUMINIO, 10 UND TAPA CRISTAL PARA MOLDE, 3 UIND BOLSA PAPEL X 100, 2 UND BOLSA TRANSPARENTE X 1003 UND VASO TRANSPARENTE X 50 UND","6 BOWL CRAFT X 25, 6 TAPA PLASTICA X 25, 3 CAJAS DE GUANTES, 50 UND DE MOLDE DE ALUMINIO, 10 UND TAPA CRISTAL PARA MOLDE, 3 UIND BOLSA PAPEL X 100, 2 UND BOLSA TRANSPARENTE X 1003 UND VASO TRANSPARENTE X 50 UND",231400.87,0,231400.87,,No,,Operación del punto,Varios,SI,POR_VALIDAR,OK,,
GAS-202511-000043,2025-11,2025,11,2025_11_Noviembre.xlsx,gastos,2026-04-20,2025-12-22 17:49:55.931,2025-11-16 17:44:39.522,711.0,Otros,CONJUNTA,CONJUNTA,BONNIPLAST SAS,FESA27374,DE CONTADO,CONTADO,"3 PITILLOS DE NCOLORES X 100, 2 CUBIERTOS X 100, 2  ROLLO BOLSA NEGRA, 1 ROLLO BOLSA BLANCA, 1 BOLSA EMPAQUE","3 PITILLOS DE NCOLORES X 100, 2 CUBIERTOS X 100, 2  ROLLO BOLSA NEGRA, 1 ROLLO BOLSA BLANCA, 1 BOLSA EMPAQUE",93116.01,0,93116.01,,No,,Operación del punto,Desechables y empaques,SI,POR_VALIDAR,OK,,
GAS-202511-000044,2025-11,2025,11,2025_11_Noviembre.xlsx,gastos,2026-04-20,2025-12-22 17:54:37.090,2025-11-04 17:50:10.378,712.0,Otros,CONJUNTA,CONJUNTA,BONNIPLAST SAS,FESA 25067,DE CONTADO,CONTADO,"10 BOLSA KRAFTX 25, 20 UND MOLDE ALUMINIO, 4 ROLLOS BOLSA NEGRA, 2 ROLLO BOLSA BLANCA, 1PAQUTE  TOALLA SANITISU X  3","10 BOLSA KRAFTX 25, 20 UND MOLDE ALUMINIO, 4 ROLLOS BOLSA NEGRA, 2 ROLLO BOLSA BLANCA, 1PAQUTE  TOALLA SANITISU X  3",253700.03,0,253700.03,,No,,Operación del punto,Varios,SI,POR_VALIDAR,OK,,
GAS-202511-000045,2025-11,2025,11,2025_11_Noviembre.xlsx,gastos,2026-04-20,2025-12-22 18:01:48.495,2025-11-13 17:59:08.523,714.0,Otros,CONJUNTA,CONJUNTA,BONNIPLAST SAS,FESA26908,DE CONTADO,CONTADO,"2 UNDS KRAFT PEQUEÑO, 1 CUBIERTOS  X 100","2 UNDS KRAFT PEQUEÑO, 1 CUBIERTOS  X 100",30900.0,0,30900.0,,No,,Operación del punto,Varios,SI,POR_VALIDAR,OK,,
GAS-202511-000046,2025-11,2025,11,2025_11_Noviembre.xlsx,gastos,2026-04-20,2025-12-22 18:05:55.494,2025-11-11 18:02:16.210,715.0,Otros,CONJUNTA,CONJUNTA,BONNIPLAST SAS,FESA26409,DE CONTADO,CONTADO,"2 BIO PLATO X 20, 2 UNDS BOLSA 4X8 TRANSPARENTE X100, 3 UNDS BOLSA 5X100 TRANSPARENTE   X 100, 1 BOLSA DE EMPAQUE","2 BIO PLATO X 20, 2 UNDS BOLSA 4X8 TRANSPARENTE X100, 3 UNDS BOLSA 5X100 TRANSPARENTE   X 100, 1 BOLSA DE EMPAQUE",23065.9,0,23065.9,,No,,Operación del punto,Desechables y empaques,SI,POR_VALIDAR,OK,,
GAS-202511-000047,2025-11,2025,11,2025_11_Noviembre.xlsx,gastos,2026-04-20,2025-12-22 18:07:30.886,2025-11-24 18:06:08.786,716.0,Otros,CONJUNTA,CONJUNTA,BONNIPLAST SAS,FESA28600,DE CONTADO,CONTADO,"2 CUCHARA SOPERA X100, 3 UNDS SERVILLETAS X 300","2 CUCHARA SOPERA X100, 3 UNDS SERVILLETAS X 300",39550.0,0,39550.0,,No,,Operación del punto,Desechables y empaques,SI,POR_VALIDAR,OK,,
GAS-202511-000048,2025-11,2025,11,2025_11_Noviembre.xlsx,gastos,2026-04-20,2025-12-22 18:11:48.010,2025-11-16 18:07:42.019,717.0,Otros,CONJUNTA,CONJUNTA,BONNIPLAST SAS,FESA27395,DE CONTADO,CONTADO,"3 UNDS TAPA BASE X 25, 1 UND TOALLA SANITISU X 3 ROLLOS","3 UNDS TAPA BASE X 25, 1 UND TOALLA SANITISU X 3 ROLLOS",65200.01,0,65200.01,,No,,Operación del punto,Varios,SI,POR_VALIDAR,OK,,
GAS-202511-000049,2025-11,2025,11,2025_11_Noviembre.xlsx,gastos,2026-04-20,2025-12-22 18:16:43.253,2025-11-24 18:15:22.209,719.0,Otros,CONJUNTA,CONJUNTA,BONNIPLAST SAS,FESA28601,DE CONTADO,CONTADO,3 ROLLOS BOLSA X 10,3 ROLLOS BOLSA X 10,21598.5,0,21598.5,,No,,Operación del punto,Varios,SI,POR_VALIDAR,OK,,
GAS-202511-000050,2025-11,2025,11,2025_11_Noviembre.xlsx,gastos,2026-04-20,2025-12-22 18:33:55.201,2025-11-28 18:24:15.785,721.0,Otros,CONJUNTA,CONJUNTA,BONNIPLAST SAS,FESA29743,DE CONTADO,CONTADO,"24 UNDS BOWL X25, 4 UNDS TENEDOR NEGRO X 100, 3 UNDS SERVILLETAS X 300","24 UNDS BOWL X25, 4 UNDS TENEDOR NEGRO X 100, 3 UNDS SERVILLETAS X 300",394738.94,0,394738.94,,No,,Operación del punto,Desechables y empaques,SI,POR_VALIDAR,OK,,
GAS-202511-000051,2025-11,2025,11,2025_11_Noviembre.xlsx,gastos,2026-04-20,2025-12-22 20:47:38.500,2025-11-20 20:43:08.551,722.0,Otros,CONJUNTA,CONJUNTA,BONNIPLAST SAS,FESA28126,DE CONTADO,CONTADO,"6 UNDS BOWL X 25, 6 UNDS TAPA PLASTICA BOWL X 25, 3 CAJAS GUANTES X 100, 50 MOLDE ALUMINIO , 10UNDS TAPA CRISTA PARA MOLDE, 3 UNDS BOLSA PAPEL X 100, 1 UNDS BOLSA TRANSPARENTE X 100, 3 UNDS VASO TRANSPARENTE X 50","6 UNDS BOWL X 25, 6 UNDS TAPA PLASTICA BOWL X 25, 3 CAJAS GUANTES X 100, 50 MOLDE ALUMINIO , 10UNDS TAPA CRISTA PARA MOLDE, 3 UNDS BOLSA PAPEL X 100, 1 UNDS BOLSA TRANSPARENTE X 100, 3 UNDS VASO TRANSPARENTE X 50",231400.87,0,231400.87,,No,,Operación del punto,Varios,SI,POR_VALIDAR,OK,,
GAS-202511-000052,2025-11,2025,11,2025_11_Noviembre.xlsx,gastos,2026-04-20,2025-12-22 20:53:08.481,2025-11-16 20:49:36.320,724.0,Otros,CONJUNTA,CONJUNTA,DOLLARCITY SURAMERICA COMERCIAL SAS,F9D5 1000800,DE CONTADO,CONTADO,"1 MINI ENGRAPADORA, 1 CALCULADORA,","1 MINI ENGRAPADORA, 1 CALCULADORA,",53000.0,0,53000.0,,No,,Operación del punto,Varios,SI,POR_VALIDAR,OK,,
GAS-202511-000053,2025-11,2025,11,2025_11_Noviembre.xlsx,gastos,2026-04-20,2025-12-25 20:58:53.627,2025-11-25 20:56:54.429,729.0,Otros,CONJUNTA,CONJUNTA,DROGUERIA FARMA SPEED,13500,DE CONTADO,CONTADO,"1 CAJSA ADVIL,  1 CRONOFEN 500GR","1 CAJSA ADVIL,  1 CRONOFEN 500GR",19500.0,0,19500.0,,No,,Operación del punto,Varios,SI,POR_VALIDAR,OK,,
GAS-202511-000054,2025-11,2025,11,2025_11_Noviembre.xlsx,gastos,2026-04-20,2025-12-25 21:01:39.866,2025-11-29 20:58:59.843,730.0,Otros,CONJUNTA,CONJUNTA,DROGUERIAS Y FARMACIAS CRUZ VERDE SAS,CF97 5284,DE CONTADO,CONTADO,1 PROM ADOP P1LL2 X 500MG,1 PROM ADOP P1LL2 X 500MG,13300.0,0,13300.0,,No,,Operación del punto,Varios,SI,POR_VALIDAR,OK,,
GAS-202511-000055,2025-11,2025,11,2025_11_Noviembre.xlsx,gastos,2026-04-20,2025-12-25 21:03:08.756,2025-11-22 21:01:46.156,731.0,Otros,CONJUNTA,CONJUNTA,DROGUERIAS Y FARMACIAS CRUZ VERDE SAS,CF97 4891,DE CONTADO,CONTADO,1 PRAZED 20MG CAP,1 PRAZED 20MG CAP,15500.0,0,15500.0,,No,,Operación del punto,Varios,SI,POR_VALIDAR,OK,,
GAS-202511-000056,2025-11,2025,11,2025_11_Noviembre.xlsx,gastos,2026-04-20,2025-12-25 21:16:19.150,2025-11-28 21:15:18.828,734.0,Otros,CONJUNTA,CONJUNTA,COMBUSTIBLES COLOMBIA SA,A636 615442,DE CONTADO,CONTADO,GASOLINA,GASOLINA,20427.0,0,20427.0,,No,,Operación del punto,Transporte y mensajería,SI,POR_VALIDAR,OK,,
GAS-202511-000057,2025-11,2025,11,2025_11_Noviembre.xlsx,gastos,2026-04-20,2025-12-25 21:23:19.973,2025-11-11 21:21:52.869,737.0,Otros,CONJUNTA,CONJUNTA,EDS MOBIL LAS PALMAS,ORDEN DE VENTA 275199,DE CONTADO,CONTADO,GASOLINA,GASOLINA,142318.0,0,142318.0,,No,,Operación del punto,Transporte y mensajería,SI,POR_VALIDAR,OK,,
GAS-202511-000058,2025-11,2025,11,2025_11_Noviembre.xlsx,gastos,2026-04-20,2025-12-26 16:14:47.787,2025-11-13 16:13:32.805,743.0,Otros,CONJUNTA,CONJUNTA,EDS LA 50,F10E 386191,DE CONTADO,CONTADO,GASOLINA,GASOLINA,136135.0,0,136135.0,,No,,Operación del punto,Transporte y mensajería,SI,POR_VALIDAR,OK,,
GAS-202511-000059,2025-11,2025,11,2025_11_Noviembre.xlsx,gastos,2026-04-20,2025-12-26 16:17:44.347,2025-11-22 16:15:25.214,744.0,Otros,CONJUNTA,CONJUNTA,SERVICAMBIO,142958,DE CONTADO,CONTADO,CAMBIO DE SENCILLA,CAMBIO DE SENCILLA,9000.0,0,9000.0,,No,,Operación del punto,Varios,SI,POR_VALIDAR,OK,,
GAS-202511-000060,2025-11,2025,11,2025_11_Noviembre.xlsx,gastos,2026-04-20,,2025-11-30 00:00:00.000,,Otros,CONJUNTA,CONJUNTA,BARAJAS Y ASOCIADOS S.A.S.,,,POR_VALIDAR,MERMAS,MERMAS,196339.0264280036,0,196339.0264280036,,,,Operación del punto,Varios,SI,POR_VALIDAR,POR VALIDAR,PAGO_POR_VALIDAR,
GAS-202511-000061,2025-11,2025,11,2025_11_Noviembre.xlsx,gastos,2026-04-20,,2025-11-30 00:00:00.000,,Otros,CONJUNTA,CONJUNTA,TRANSACCIONES BOLD,,,POR_VALIDAR,DCTOS DATÁFONO,DCTOS DATÁFONO,1847912.860000001,0,1847912.86,,,,Operación del punto,Comisiones y software,SI,POR_VALIDAR,POR VALIDAR,PAGO_POR_VALIDAR,
GAS-202511-000062,2025-11,2025,11,2025_11_Noviembre.xlsx,gastos,2026-04-20,2026-01-11 19:26:58.241,2025-11-30 19:25:58.236,801.0,Nómina,CONJUNTA,CONJUNTA,BARAJAS Y ASOCIADOS S.A.S.,NOV2025,EFECTIVO,EFECTIVO,NÓMINA MES NOVIEMBRE 2025,NÓMINA MES NOVIEMBRE 2025,16351231.0,0,16351231.0,Nathalie,No,,Nómina y prestaciones,Nómina y prestaciones,SI,POR_VALIDAR,OK,,
GAS-202511-000063,2025-11,2025,11,2025_11_Noviembre.xlsx,gastos,2026-04-20,2025-12-18 13:32:48.035,2025-11-30 19:25:58.236,690.0,Nómina,CONJUNTA,CONJUNTA,BARAJAS Y ASOCIADOS S.A.S.,,,POR_VALIDAR,PAGO SEGURIDAD SOCIAL NOVIEMBRE,PAGO SEGURIDAD SOCIAL NOVIEMBRE,2000000.0,0,0.0,,No,,Nómina y prestaciones,Nómina y prestaciones,SI,POR_VALIDAR,POR VALIDAR,SIN_VALOR | PAGO_POR_VALIDAR,
GAS-202511-000064,2025-11,2025,11,2025_11_Noviembre.xlsx,gastos,2026-04-20,,2025-11-30 19:25:58.236,,Nómina,CONJUNTA,CONJUNTA,BARAJAS Y ASOCIADOS S.A.S.,,,POR_VALIDAR,PROVISIÓN PRESTACIONES SOCIALES,PROVISIÓN PRESTACIONES SOCIALES,4905369.3,0,0.0,,,,Nómina y prestaciones,Nómina y prestaciones,SI,POR_VALIDAR,POR VALIDAR,SIN_VALOR | PAGO_POR_VALIDAR,
GAS-202511-000065,2025-11,2025,11,2025_11_Noviembre.xlsx,gastos,2026-04-20,2026-01-09 20:56:53.152,2025-11-04 20:55:03.642,783.0,Otros,JARDIN PLAZA,JP,CENTRAL CONTROL S.A.S.,PPA 30069,DE CONTADO,CONTADO,ADMINISTRACION NOVIEMBRE JARDIN NPLAZA,ADMINISTRACION NOVIEMBRE JARDIN NPLAZA,2002368.0,0,2002368.0,,No,,Ocupación y servicios,Arriendo y administración,NO,POR_VALIDAR,OK,,
GAS-202511-000066,2025-11,2025,11,2025_11_Noviembre.xlsx,gastos,2026-04-20,2026-11-30 00:00:00.000,2025-11-30 19:25:58.236,993.0,Administrativos,JARDIN PLAZA,JP,CENTRAL CONTROL S.A.S.,,TRANSFERENCIA,TRANSFERENCIA,PAGO ADMON OCTUBRE (ENTREGA LOCAL),PAGO ADMON OCTUBRE (ENTREGA LOCAL),1134675.0,0,1134675.0,Nathalie,No,,Ocupación y servicios,Arriendo y administración,NO,POR_VALIDAR,OK,,
GAS-202511-000067,2025-11,2025,11,2025_11_Noviembre.xlsx,gastos,2026-04-20,2026-11-30 00:00:00.000,2025-11-30 19:25:58.236,994.0,Administrativos,JARDIN PLAZA,JP,CENTRAL CONTROL S.A.S.,30702,TRANSFERENCIA,TRANSFERENCIA,PAGO CONTRAPRESTACIÓN FIJA MES DE NOVIEMBRE (15 A 30 NOV),PAGO CONTRAPRESTACIÓN FIJA MES DE NOVIEMBRE (15 A 30 NOV),5196334.0,0,5196334.0,Nathalie,No,,Ocupación y servicios,Arriendo y administración,NO,POR_VALIDAR,OK,,
GAS-202511-000068,2025-11,2025,11,2025_11_Noviembre.xlsx,gastos,2026-04-20,2025-12-15 20:55:03.817,2025-11-12 20:54:29.964,641.0,Administrativos,PARQUE DEL PERRO,PP,BARAJAS Y ASOCIADOS S.A.S.,,,POR_VALIDAR,ARRIENDO PP,ARRIENDO PP,2800000.0,0,2800000.0,,No,,Ocupación y servicios,Arriendo y administración,NO,POR_VALIDAR,POR VALIDAR,PAGO_POR_VALIDAR,
